<?xml version="1.0" encoding="utf-8"?>
<extension version="3.9" type="plugin" group="content" method="upgrade">
  <name>Responsive content images</name>
  <author>Dimitrios Grammatikogiannis</author>
  <creationDate>2017</creationDate>
  <copyright>Copyright (C) 2017-2020 Dimitrios Grammatikogiannis. All rights reserved.</copyright>
  <license>GNU General Public License version 2 or later; see LICENSE.txt</license>
  <authorEmail>d.grammatiko@gmail.com</authorEmail>
  <version>3.5.3</version>
  <description>Responsive images</description>
  <scriptfile>script.php</scriptfile>

  <files>
    <filename plugin="responsive">responsive.php</filename>
    <filename>helper.php</filename>
    <folder>vendor</folder>
  </files>

  <config>
    <fields name="params">
      <fieldset name="basic">
        <field name="quality" type="integer" default="85" label="Image quality" first="1" last="100" step="1" description="This value will be effected on new generated images only." />
        <field name="scaleUp" type="radio" default="0" class="btn-group btn-group-yesno" label="Allow scaling up" description="Smaller images will be scaled up to the needed resolution">
          <option value="0">JNO</option>
          <option value="1">JYES</option>
        </field>
        <field name="cleanup" type="radio" default="0" class="btn-group btn-group-yesno" label="Cleanup on uninstall" description="Set to YES if the uninstall process should delete the generated files when you uninstall this plug in">
          <option value="0">JNO</option>
          <option value="1">JYES</option>
        </field>
      </fieldset>
    </fields>
  </config>
  <updateservers>
    <server type="extension" priority="1" name="Responsive content images">https://raw.githubusercontent.com/ttc-freebies/updates/master/responsive/updates.xml</server>
  </updateservers>
</extension>
