<?xml version="1.0" encoding="utf-8"?>
<extension version="3.9" type="plugin" group="content" method="upgrade">
  <name>plg_content_responsive</name>
  <author>Dimitrios Grammatikogiannis</author>
  <authorUrl>dgrammatiko.dev</authorUrl>
  <creationDate>Jan 2022</creationDate>
  <copyright>Copyright (C) 2017 Dimitrios Grammatikogiannis. All rights reserved.</copyright>
  <license>GNU General Public License version 2 or later; see LICENSE.txt</license>
  <authorEmail>d.grammatiko@gmail.com</authorEmail>
  <version>4.2.5</version>
  <description>PLG_CONTENT_RESPONSIVE_DESC</description>
  <scriptfile>script.php</scriptfile>
  <namespace path="src">Joomla\Plugin\Content\Responsive</namespace>
  <files>
    <folder plugin="responsive">language</folder>
    <folder>layouts</folder>
    <folder>services</folder>
    <folder>src</folder>
    <filename>components.xml</filename>
    <filename>license.txt</filename>
  </files>
  <media folder="media" destination="plg_content_responsive">
    <folder>js</folder>
  </media>
  <config>
    <fields name="params">
      <fieldset name="basic" addfieldprefix="Joomla\Plugin\Content\Responsive\Field">
        <field
          name="note00"
          type="note"
          class="alert alert-danger"
          hiddenLabel="true"
          description="PLG_CONTENT_RESPONSIVE_MORE_FIELDSET_NOTE00_DESC"
        />
        <field name="clear_cache" type="clearcache" />
      </fieldset>
      <fieldset name="basics">
        <field
          name="components"
          type="subform"
          formsource="plugins/content/responsive/components.xml"
          label="PLG_CONTENT_RESPONSIVE_BASIC_FIELDSET_COMPONENTS_LABEL"
          multiple="true"
          default="{&quot;__field10&quot;:{&quot;component_name&quot;:&quot;com_content&quot;,&quot;component_view&quot;:&quot;article,category,featured&quot;,&quot;component_db_column&quot;:&quot;introtext,fulltext,text&quot;},&quot;__field11&quot;:{&quot;component_name&quot;:&quot;mod_articles_archive&quot;,&quot;component_view&quot;:&quot;content&quot;,&quot;component_db_column&quot;:&quot;text&quot;},&quot;__field12&quot;:{&quot;component_name&quot;:&quot;mod_articles_categories&quot;,&quot;component_view&quot;:&quot;content&quot;,&quot;component_db_column&quot;:&quot;text&quot;},&quot;__field13&quot;:{&quot;component_name&quot;:&quot;mod_articles_category&quot;,&quot;component_view&quot;:&quot;content&quot;,&quot;component_db_column&quot;:&quot;text&quot;},&quot;__field14&quot;:{&quot;component_name&quot;:&quot;mod_articles_latest&quot;,&quot;component_view&quot;:&quot;content&quot;,&quot;component_db_column&quot;:&quot;text&quot;},&quot;__field15&quot;:{&quot;component_name&quot;:&quot;mod_articles_news&quot;,&quot;component_view&quot;:&quot;content&quot;,&quot;component_db_column&quot;:&quot;text&quot;},&quot;__field16&quot;:{&quot;component_name&quot;:&quot;mod_articles_popular&quot;,&quot;component_view&quot;:&quot;content&quot;,&quot;component_db_column&quot;:&quot;text&quot;},&quot;__field17&quot;:{&quot;component_name&quot;:&quot;mod_custom&quot;,&quot;component_view&quot;:&quot;content&quot;,&quot;component_db_column&quot;:&quot;text&quot;}}"
        />
      </fieldset>
      <fieldset name="more">
        <field
          name="excludeFolders"
          type="textarea"
          default="images/example-1-dir,images/example-2-dir"
          label="PLG_CONTENT_RESPONSIVE_MORE_FIELDSET_EXCLUDED_DIRS_LABEL"
          description="PLG_CONTENT_RESPONSIVE_MORE_FIELDSET_EXCLUDED_DIRS_DESC"
          required="true"
        />
        <field
          name="note01"
          type="note"
          class="alert alert-danger"
          hiddenLabel="true"
          description="PLG_CONTENT_RESPONSIVE_MORE_FIELDSET_NOTE01_DESC"
        />
        <field
          name="separator"
          type="text"
          maxlength="1"
          pattern="[-_@]$"
          default="_"
          required="true"
          label="PLG_CONTENT_RESPONSIVE_MORE_FIELDSET_SEPARATOR_LABEL"
          description="PLG_CONTENT_RESPONSIVE_MORE_FIELDSET_SEPARATOR_DESC"
        />
        <field
          name="sizes"
          type="text"
          default="320, 768, 1200"
          required="true"
          label="PLG_CONTENT_RESPONSIVE_MORE_FIELDSET_SIZES_LABEL"
          description="PLG_CONTENT_RESPONSIVE_MORE_FIELDSET_SIZES_DESC"
        />
        <field
          name="srcsetSizes"
          type="text"
          default=""
          label="PLG_CONTENT_RESPONSIVE_MORE_FIELDSET_SRCSETSIZES_LABEL"
          description="PLG_CONTENT_RESPONSIVE_MORE_FIELDSET_SRCSETSIZES_DESC"
        />
      <field
          name="preferedDriver"
          type="list"
          label="PLG_CONTENT_RESPONSIVE_MORE_FIELDSET_PREFERED_DRIVER_LABEL"
          description="PLG_CONTENT_RESPONSIVE_MORE_FIELDSET_PREFERED_DRIVER_DESC"
          default="gd"
          validate="options"
        >
          <option value="gd">GD</option>
          <option value="imagick">Imagick</option>
        </field>
        <field
          name="cleanup"
          type="radio"
          layout="joomla.form.field.radio.switcher"
          default="0"
          label="PLG_CONTENT_RESPONSIVE_MORE_FIELDSET_UNINSTALL_LABEL"
          description="PLG_CONTENT_RESPONSIVE_MORE_FIELDSET_UNINSTALL_DESC"
        >
          <option value="0">JNO</option>
          <option value="1">JYES</option>
        </field>
      </fieldset>
      <fieldset name="quality">
        <field
          name="qualityJPG"
          type="number"
          default="85"
          label="PLG_CONTENT_RESPONSIVE_QUALITY_FIELDSET_JPG_LABEL"
          min="1"
          max="100"
          step="1"
          required="true"
          validate="number"
          description="PLG_CONTENT_RESPONSIVE_QUALITY_FIELDSET_JPG_DESC"
        />
        <field
          name="enableWEBP"
          type="radio"
          layout="joomla.form.field.radio.switcher"
          default="1"
          label="PLG_CONTENT_RESPONSIVE_QUALITY_FIELDSET_ENABLE_WEBP_LABEL"
          description="PLG_CONTENT_RESPONSIVE_QUALITY_FIELDSET_ENABLE_WEBP_DESC"
        >
          <option value="0">JNO</option>
          <option value="1">JYES</option>
        </field>
        <field
          name="qualityWEBP"
          type="number"
          default="60"
          label="PLG_CONTENT_RESPONSIVE_QUALITY_FIELDSET_WEBP_LABEL"
          min="1"
          max="100"
          step="1"
          required="true"
          validate="number"
          description="PLG_CONTENT_RESPONSIVE_QUALITY_FIELDSET_WEBP_LABEL"
          showon="enableWEBP:1"
        />
        <field
          name="enableAVIF"
          type="radio"
          layout="joomla.form.field.radio.switcher"
          default="0"
          label="PLG_CONTENT_RESPONSIVE_QUALITY_FIELDSET_ENABLE_AVIF_LABEL"
          description="PLG_CONTENT_RESPONSIVE_QUALITY_FIELDSET_ENABLE_AVIF_DESC"
        >
          <option value="0">JNO</option>
          <option value="1">JYES</option>
        </field>
        <field
          name="qualityAVIF"
          type="number"
          default="40"
          label="PLG_CONTENT_RESPONSIVE_QUALITY_FIELDSET_AVIF_LABEL"
          min="1"
          max="100"
          step="1"
          required="true"
          validate="number"
          description="PLG_CONTENT_RESPONSIVE_QUALITY_FIELDSET_AVIF_DESC"
          showon="enableAVIF:1"
        />
      </fieldset>
      <fieldset name="scalling">
        <field
          name="scaleUp"
          type="radio"
          layout="joomla.form.field.radio.switcher"
          default="0"
          label="PLG_CONTENT_RESPONSIVE_SCALLING_FIELDSET_SCALE_LABEL"
          description="PLG_CONTENT_RESPONSIVE_SCALLING_FIELDSET_SCALE_DESC"
        >
          <option value="0">JNO</option>
          <option value="1">JYES</option>
        </field>
      </fieldset>
    </fields>
  </config>
</extension>
